"country","ISO_Code","year","fertility","lookup","female_employment","female_high_edu","va_democracy","live_with_parents_husband","gdp_per_cap","Region","Latitude","live_with_parents_wife","parents_hus_wife"
"Albania","ALB","X1991",2.905,"X1991 ALB",43.00798908,9.30116,NA,NA,5.818856643,"Europe",41.3275,NA,NA
"Albania","ALB","X1992",2.829,"X1992 ALB",43.86110724,9.74888,NA,NA,5.302569413,"Europe",41.3275,NA,NA
"Albania","ALB","X1993",2.751,"X1993 ALB",44.1848368,11.30345,NA,NA,5.90612239,"Europe",41.3275,NA,NA
"Albania","ALB","X1994",2.672,"X1994 ALB",44.50581664,11.17999,NA,NA,6.374030014,"Europe",41.3275,NA,NA
"Albania","ALB","X1995",2.591,"X1995 ALB",44.53217499,10.55495,NA,NA,6.620878814,"Europe",41.3275,NA,NA
"Albania","ALB","X1996",2.507,"X1996 ALB",43.98199101,11.58536,NA,NA,6.917683499,"Europe",41.3275,NA,NA
"Albania","ALB","X1997",2.422,"X1997 ALB",43.80383696,14.15526,NA,NA,6.575606477,"Europe",41.3275,NA,NA
"Albania","ALB","X1998",2.334,"X1998 ALB",42.97600945,15.15706,NA,NA,6.701702671,"Europe",41.3275,NA,NA
"Albania","ALB","X1999",2.246,"X1999 ALB",42.1472979,17.38697,NA,NA,6.940456414,"Europe",41.3275,NA,NA
"Albania","ALB","X2000",2.157,"X2000 ALB",41.63843984,18.26957,NA,NA,7.027033479,"Europe",41.3275,NA,NA
"Albania","ALB","X2001",2.068,"X2001 ALB",41.44124874,19.04766,NA,NA,7.155910918,"Europe",41.3275,NA,NA
"Albania","ALB","X2002",1.981,"X2002 ALB",41.468607,19.78476,NA,21.4,7.262014702,"Europe",41.3275,0.47,10.935
"Albania","ALB","X2003",1.897,"X2003 ALB",41.64020529,20.32879,NA,21.8,7.520840775,"Europe",41.3275,0.53,11.165
"Albania","ALB","X2004",1.821,"X2004 ALB",41.84761653,24.1045,NA,22.3,7.772154577,"Europe",41.3275,0.58,11.44
"Albania","ALB","X2005",1.755,"X2005 ALB",42.03746428,27.35053,NA,22.8,7.891251204,"Europe",41.3275,0.64,11.72
"Albania","ALB","X2006",1.704,"X2006 ALB",42.21953492,30.42745,0.5455,23.2,7.997240464,"Europe",41.3275,0.7,11.95
"Albania","ALB","X2007",1.671,"X2007 ALB",42.36504779,35.46488,0.5455,23.7,8.187309608,"Europe",41.3275,0.76,12.23
"Albania","ALB","X2008",1.654,"X2008 ALB",42.47544421,36.48628,0.5455,24.2,8.382641879,"Europe",41.3275,0.81,12.505
"Albania","ALB","X2009",1.652,"X2009 ALB",41.60777011,38.66989,0.5455,24.7,8.322185127,"Europe",41.3275,0.87,12.785
"Albania","ALB","X2010",1.66,"X2010 ALB",42.4450508,51.57109,0.543,24,8.317363335,"Europe",41.3275,0.9,12.45
"Albania","ALB","X2011",1.673,"X2011 ALB",42.40882036,58.23014,0.5405,23.4,8.397765954,"Europe",41.3275,0.93,12.165
"Albania","ALB","X2012",1.684,"X2012 ALB",42.38820171,69.71962,0.5335,22.7,8.354116456,"Europe",41.3275,0.95,11.825
"Albania","ALB","X2013",1.69,"X2013 ALB",41.25099284,76.31651,0.56475,22.1,8.3923238,"Europe",41.3275,0.98,11.54
"Albania","ALB","X2014",1.688,"X2014 ALB",40.62278736,78.31959,0.56475,21.4,8.429155541,"Europe",41.3275,1.01,11.205
"Albania","ALB","X2015",1.677,"X2015 ALB",41.5237887,73.53012,0.57675,20.8,8.282179775,"Europe",41.3275,1.04,10.92
"Albania","ALB","X2016",1.659,"X2016 ALB",41.44665944,70.07677,0.57675,20.2,8.324592358,"Europe",41.3275,1.06,10.63
"Albania","ALB","X2017",1.638,"X2017 ALB",41.42940566,69.81036,0.58025,19.5,8.418702537,"Europe",41.3275,1.09,10.295
"Albania","ALB","X2018",1.617,"X2018 ALB",41.46691026,67.57861,0.58025,18.9,8.572510613,"Europe",41.3275,1.12,10.01
"Armenia","ARM","X1991",2.484,"X1991 ARM",43.59506455,NA,NA,NA,6.380327681,"Europe",40.1812,NA,NA
"Armenia","ARM","X1992",2.4,"X1992 ARM",43.94155477,NA,NA,NA,5.912509584,"Europe",40.1812,NA,NA
"Armenia","ARM","X1993",2.297,"X1993 ARM",44.35842346,NA,NA,NA,5.878305025,"Europe",40.1812,NA,NA
"Armenia","ARM","X1994",2.179,"X1994 ARM",44.81306968,NA,NA,NA,5.992751813,"Europe",40.1812,NA,NA
"Armenia","ARM","X1995",2.056,"X1995 ARM",45.27122611,NA,NA,NA,6.123314947,"Europe",40.1812,NA,NA
"Armenia","ARM","X1996",1.938,"X1996 ARM",45.64725881,NA,NA,NA,6.222692451,"Europe",40.1812,NA,NA
"Armenia","ARM","X1997",1.832,"X1997 ARM",45.98970672,NA,NA,34.5,6.260122557,"Europe",40.1812,3.2,18.85
"Armenia","ARM","X1998",1.747,"X1998 ARM",46.29032179,NA,NA,34.1,6.412101376,"Europe",40.1812,3.1,18.6
"Armenia","ARM","X1999",1.685,"X1999 ARM",46.54228917,NA,NA,33.7,6.392641331,"Europe",40.1812,2.99,18.345
"Armenia","ARM","X2000",1.648,"X2000 ARM",46.74500977,39.26693,NA,33.3,6.434132531,"Europe",40.1812,2.89,18.095
"Armenia","ARM","X2001",1.634,"X2001 ARM",46.76474682,37.97737,NA,32.8,6.543081613,"Europe",40.1812,2.79,17.795
"Armenia","ARM","X2002",1.635,"X2002 ARM",46.73421895,41.08533,NA,32.4,6.663440054,"Europe",40.1812,2.68,17.54
"Armenia","ARM","X2003",1.645,"X2003 ARM",46.67442592,41.79188,NA,32,6.835321482,"Europe",40.1812,2.58,17.29
"Armenia","ARM","X2004",1.659,"X2004 ARM",46.61007487,44.16987,NA,31.6,7.083319909,"Europe",40.1812,2.48,17.04
"Armenia","ARM","X2005",1.675,"X2005 ARM",46.56018459,45.95116,NA,31.2,7.404737339,"Europe",40.1812,2.38,16.79
"Armenia","ARM","X2006",1.69,"X2006 ARM",46.50716843,49.05389,0.3325,30.8,7.677003732,"Europe",40.1812,2.27,16.535
"Armenia","ARM","X2007",1.702,"X2007 ARM",46.48639094,51.87726,0.3325,30.4,8.051747957,"Europe",40.1812,2.17,16.285
"Armenia","ARM","X2008",1.712,"X2008 ARM",46.47713395,54.46075,0.349,29.9,8.296760274,"Europe",40.1812,2.07,15.985
"Armenia","ARM","X2009",1.719,"X2009 ARM",46.52276206,56.61935,0.349,29.5,8.004479969,"Europe",40.1812,1.96,15.73
"Armenia","ARM","X2010",1.722,"X2010 ARM",45.78490546,58.03413,0.3295,29.1,8.07663114,"Europe",40.1812,1.86,15.48
"Armenia","ARM","X2011",1.724,"X2011 ARM",47.09689585,57.7082,0.3295,29.2,8.167863986,"Europe",40.1812,1.82,15.51
"Armenia","ARM","X2012",1.725,"X2012 ARM",47.17972556,49.85343,0.3295,29.3,8.211172647,"Europe",40.1812,1.78,15.54
"Armenia","ARM","X2013",1.728,"X2013 ARM",47.24967839,48.49313,0.326,29.4,8.252755086,"Europe",40.1812,1.75,15.575
"Armenia","ARM","X2014",1.732,"X2014 ARM",47.11475052,50.08286,0.36275,29.5,8.290601608,"Europe",40.1812,1.71,15.605
"Armenia","ARM","X2015",1.738,"X2015 ARM",46.89179824,50.51742,0.3875,29.6,8.190713933,"Europe",40.1812,1.67,15.635
"Armenia","ARM","X2016",1.744,"X2016 ARM",46.12205081,57.11542,0.3815,29.7,8.186416899,"Europe",40.1812,1.63,15.665
"Armenia","ARM","X2017",1.75,"X2017 ARM",46.21383144,58.67676,0.393,29.8,8.27244321,"Europe",40.1812,1.59,15.695
"Armenia","ARM","X2018",1.755,"X2018 ARM",46.18442429,62.64839,0.45825,29.9,8.34770658,"Europe",40.1812,1.55,15.725
"Azerbaijan","AZE","X1991",2.87,"X1991 AZE",44.59072269,19.68337,NA,NA,7.097745269,"Europe",40.3953,NA,NA
"Azerbaijan","AZE","X1992",2.74,"X1992 AZE",44.82964224,19.66094,NA,NA,6.51641718,"Europe",40.3953,NA,NA
"Azerbaijan","AZE","X1993",2.7,"X1993 AZE",45.26916892,18.27538,NA,NA,6.272525363,"Europe",40.3953,NA,NA
"Azerbaijan","AZE","X1994",2.52,"X1994 AZE",45.79391948,16.92038,NA,NA,6.078139526,"Europe",40.3953,NA,NA
"Azerbaijan","AZE","X1995",2.29,"X1995 AZE",46.20456171,17.16923,NA,NA,5.984435189,"Europe",40.3953,NA,NA
"Azerbaijan","AZE","X1996",2.06,"X1996 AZE",46.32709608,17.59162,0.2905,NA,6.014230317,"Europe",40.3953,NA,NA
"Azerbaijan","AZE","X1997",2.07,"X1997 AZE",46.36866604,17.14862,NA,NA,6.225674192,"Europe",40.3953,NA,NA
"Azerbaijan","AZE","X1998",2,"X1998 AZE",46.3346484,NA,0.2905,NA,6.331336419,"Europe",40.3953,NA,NA
"Azerbaijan","AZE","X1999",2.07,"X1999 AZE",46.3421236,NA,NA,NA,6.352443485,"Europe",40.3953,NA,NA
"Azerbaijan","AZE","X2000",2,"X2000 AZE",46.65523318,NA,0.2905,NA,6.484783977,"Europe",40.3953,NA,NA
"Azerbaijan","AZE","X2001",1.8,"X2001 AZE",46.85994996,NA,NA,NA,6.556329169,"Europe",40.3953,NA,NA
"Azerbaijan","AZE","X2002",1.8,"X2002 AZE",47.0397569,NA,0.228,NA,6.637363711,"Europe",40.3953,NA,NA
"Azerbaijan","AZE","X2003",1.9,"X2003 AZE",47.2116437,NA,0.228,25.2,6.784054263,"Europe",40.3953,2.17,13.685
"Azerbaijan","AZE","X2004",2.0535,"X2004 AZE",47.38849149,NA,0.228,25.2,6.951781139,"Europe",40.3953,2.17,13.685
"Azerbaijan","AZE","X2005",2,"X2005 AZE",47.57972847,NA,0.228,25.2,7.364168469,"Europe",40.3953,2.17,13.685
"Azerbaijan","AZE","X2006",1.97,"X2006 AZE",47.78576789,20.24594,0.228,25.2,7.813220352,"Europe",40.3953,2.17,13.685
"Azerbaijan","AZE","X2007",1.97,"X2007 AZE",48.00671183,19.5503,0.228,25.2,8.25620183,"Europe",40.3953,2.17,13.685
"Azerbaijan","AZE","X2008",1.9,"X2008 AZE",48.24028165,18.87043,0.222,25.2,8.625976527,"Europe",40.3953,2.17,13.685
"Azerbaijan","AZE","X2009",1.82,"X2009 AZE",48.47866003,18.93108,0.222,25.2,8.507202408,"Europe",40.3953,2.17,13.685
"Azerbaijan","AZE","X2010",1.92,"X2010 AZE",48.71536424,19.15638,0.22,NA,8.672966403,"Europe",40.3953,NA,NA
"Azerbaijan","AZE","X2011",1.96,"X2011 AZE",48.97621507,19.80818,0.22,NA,8.880403505,"Europe",40.3953,NA,NA
"Azerbaijan","AZE","X2012",2,"X2012 AZE",48.96072241,20.92553,0.22,NA,8.922164131,"Europe",40.3953,NA,NA
"Azerbaijan","AZE","X2013",1.98,"X2013 AZE",48.89309168,22.62382,0.2155,NA,8.97154458,"Europe",40.3953,NA,NA
"Azerbaijan","AZE","X2014",1.97,"X2014 AZE",48.94813707,24.75323,0.204,NA,8.973517832,"Europe",40.3953,NA,NA
"Azerbaijan","AZE","X2015",1.94,"X2015 AZE",49.01988532,27.48078,0.198,NA,8.612559803,"Europe",40.3953,NA,NA
"Azerbaijan","AZE","X2016",1.9,"X2016 AZE",48.7836754,28.13302,0.195,NA,8.263780809,"Europe",40.3953,NA,NA
"Azerbaijan","AZE","X2017",1.75,"X2017 AZE",48.72880901,29.03385,0.195,NA,8.330162094,"Europe",40.3953,NA,NA
"Azerbaijan","AZE","X2018",1.73,"X2018 AZE",48.76007945,29.69345,0.195,NA,8.46375902,"Europe",40.3953,NA,NA
"Bosnia Herzegovina","BIH","X1991",1.748,"X1991 BIH",38.32624451,NA,NA,NA,NA,"Europe",43.85,NA,NA
"Bosnia Herzegovina","BIH","X1992",1.73,"X1992 BIH",38.39719916,NA,NA,NA,NA,"Europe",43.85,NA,NA
"Bosnia Herzegovina","BIH","X1993",1.72,"X1993 BIH",38.42544546,NA,NA,NA,NA,"Europe",43.85,NA,NA
"Bosnia Herzegovina","BIH","X1994",1.713,"X1994 BIH",38.45177033,NA,NA,NA,5.765231964,"Europe",43.85,NA,NA
"Bosnia Herzegovina","BIH","X1995",1.706,"X1995 BIH",38.43377614,NA,NA,NA,6.189242653,"Europe",43.85,NA,NA
"Bosnia Herzegovina","BIH","X1996",1.69,"X1996 BIH",38.42093713,NA,0.6015,NA,6.606783295,"Europe",43.85,NA,NA
"Bosnia Herzegovina","BIH","X1997",1.662,"X1997 BIH",38.41506367,NA,NA,NA,6.890407522,"Europe",43.85,NA,NA
"Bosnia Herzegovina","BIH","X1998",1.619,"X1998 BIH",38.36499649,NA,0.6015,NA,7.005236721,"Europe",43.85,NA,NA
"Bosnia Herzegovina","BIH","X1999",1.562,"X1999 BIH",38.24932474,NA,NA,NA,7.132295663,"Europe",43.85,NA,NA
"Bosnia Herzegovina","BIH","X2000",1.497,"X2000 BIH",38.16512056,NA,0.6015,NA,7.291503934,"Europe",43.85,NA,NA
"Bosnia Herzegovina","BIH","X2001",1.432,"X2001 BIH",38.0962486,NA,NA,NA,7.333555432,"Europe",43.85,NA,NA
"Bosnia Herzegovina","BIH","X2002",1.374,"X2002 BIH",38.01390453,NA,0.6015,NA,7.478282649,"Europe",43.85,NA,NA
"Bosnia Herzegovina","BIH","X2003",1.33,"X2003 BIH",37.93653829,NA,0.6015,12.7,7.70739797,"Europe",43.85,1.9,7.3
"Bosnia Herzegovina","BIH","X2004",1.301,"X2004 BIH",37.85258406,NA,0.6015,13.3,7.942717503,"Europe",43.85,1.83,7.565
"Bosnia Herzegovina","BIH","X2005",1.288,"X2005 BIH",36.88038252,NA,0.6015,13.9,7.999880609,"Europe",43.85,1.77,7.835
"Bosnia Herzegovina","BIH","X2006",1.288,"X2006 BIH",36.80327324,NA,0.6015,14.6,8.136375016,"Europe",43.85,1.71,8.155
"Bosnia Herzegovina","BIH","X2007",1.295,"X2007 BIH",36.36657904,NA,0.57025,15.2,8.341260856,"Europe",43.85,1.65,8.425
"Bosnia Herzegovina","BIH","X2008",1.303,"X2008 BIH",37.04811379,NA,0.535,15.8,8.535216265,"Europe",43.85,1.59,8.695
"Bosnia Herzegovina","BIH","X2009",1.311,"X2009 BIH",37.67933592,NA,0.535,16.4,8.458441096,"Europe",43.85,1.52,8.96
"Bosnia Herzegovina","BIH","X2010",1.315,"X2010 BIH",38.35050382,NA,0.48475,17,8.441503182,"Europe",43.85,1.46,9.23
"Bosnia Herzegovina","BIH","X2011",1.315,"X2011 BIH",38.72116285,NA,0.4495,17.6,8.535534348,"Europe",43.85,1.4,9.5
"Bosnia Herzegovina","BIH","X2012",1.313,"X2012 BIH",38.58596402,NA,0.443,18.2,8.471910448,"Europe",43.85,1.34,9.77
"Bosnia Herzegovina","BIH","X2013",1.309,"X2013 BIH",39.16381941,NA,0.4385,18.8,8.543132735,"Europe",43.85,1.28,10.04
"Bosnia Herzegovina","BIH","X2014",1.303,"X2014 BIH",39.73056426,NA,0.4265,19.4,8.581038043,"Europe",43.85,1.21,10.305
"Bosnia Herzegovina","BIH","X2015",1.296,"X2015 BIH",39.67851553,NA,0.429,NA,8.461104744,"Europe",43.85,NA,NA
"Bosnia Herzegovina","BIH","X2016",1.286,"X2016 BIH",39.084276,NA,0.431,NA,8.516129254,"Europe",43.85,NA,NA
"Bosnia Herzegovina","BIH","X2017",1.276,"X2017 BIH",39.63761137,NA,0.39975,NA,8.593152105,"Europe",43.85,NA,NA
"Bosnia Herzegovina","BIH","X2018",1.265,"X2018 BIH",39.20008547,NA,0.40525,NA,8.711473126,"Europe",43.85,NA,NA
"Belarus","BLR","X1991",1.805,"X1991 BLR",48.34007513,53.0332,NA,NA,7.476327725,"Europe",53.9,NA,NA
"Belarus","BLR","X1992",1.764,"X1992 BLR",48.29854709,NA,NA,NA,7.419189784,"Europe",53.9,NA,NA
"Belarus","BLR","X1993",1.623,"X1993 BLR",48.27382394,NA,NA,NA,7.371549597,"Europe",53.9,NA,NA
"Belarus","BLR","X1994",1.533,"X1994 BLR",48.27485581,NA,NA,NA,7.286232177,"Europe",53.9,NA,NA
"Belarus","BLR","X1995",1.406,"X1995 BLR",48.32752692,NA,NA,NA,7.223059736,"Europe",53.9,NA,NA
"Belarus","BLR","X1996",1.335,"X1996 BLR",48.39676877,48.7342,NA,NA,7.281003958,"Europe",53.9,NA,NA
"Belarus","BLR","X1997",1.25,"X1997 BLR",48.48156675,50.95292,NA,NA,7.241725664,"Europe",53.9,NA,NA
"Belarus","BLR","X1998",1.3,"X1998 BLR",48.57928661,55.51275,NA,NA,7.321036464,"Europe",53.9,NA,NA
"Belarus","BLR","X1999",1.31,"X1999 BLR",48.65142922,59.62613,NA,NA,7.098881065,"Europe",53.9,NA,NA
"Belarus","BLR","X2000",1.317,"X2000 BLR",48.78277615,62.88157,NA,NA,7.15171117,"Europe",53.9,NA,NA
"Belarus","BLR","X2001",1.286,"X2001 BLR",48.9380274,65.84157,NA,NA,7.126387216,"Europe",53.9,NA,NA
"Belarus","BLR","X2002",1.24,"X2002 BLR",49.0631518,69.53142,NA,2.29,7.29933414,"Europe",53.9,5.96,4.125
"Belarus","BLR","X2003",1.232,"X2003 BLR",49.16544907,73.11997,NA,2.34,7.506463233,"Europe",53.9,5.79,4.065
"Belarus","BLR","X2004",1.233,"X2004 BLR",49.2543193,75.68182,NA,2.39,7.774277148,"Europe",53.9,5.63,4.01
"Belarus","BLR","X2005",1.252,"X2005 BLR",49.32763822,78.37187,NA,2.44,8.0474489,"Europe",53.9,5.46,3.95
"Belarus","BLR","X2006",1.335,"X2006 BLR",49.427151,81.10433,0.19825,2.49,8.255161744,"Europe",53.9,5.29,3.89
"Belarus","BLR","X2007",1.429,"X2007 BLR",49.50897478,84.4546,0.19825,2.54,8.462875878,"Europe",53.9,5.13,3.835
"Belarus","BLR","X2008",1.488,"X2008 BLR",49.57274699,85.24425,0.19825,2.59,8.760511024,"Europe",53.9,4.96,3.775
"Belarus","BLR","X2009",1.509,"X2009 BLR",49.61338955,89.1432,0.19825,2.63,8.58510515,"Europe",53.9,4.8,3.715
"Belarus","BLR","X2010",1.494,"X2010 BLR",49.63489956,94.59196,0.19825,2.68,8.704402252,"Europe",53.9,4.63,3.655
"Belarus","BLR","X2011",1.515,"X2011 BLR",49.66623925,101.82048,0.18925,2.73,8.78251158,"Europe",53.9,4.47,3.6
"Belarus","BLR","X2012",1.62,"X2012 BLR",49.6768301,107.92172,0.18325,2.78,8.84508,"Europe",53.9,4.3,3.54
"Belarus","BLR","X2013",1.668,"X2013 BLR",49.6722438,108.1111,0.18325,2.83,8.984552404,"Europe",53.9,4.13,3.48
"Belarus","BLR","X2014",1.696,"X2014 BLR",49.66405171,105.10836,0.21575,2.88,9.026238755,"Europe",53.9,3.97,3.425
"Belarus","BLR","X2015",1.724,"X2015 BLR",49.65339777,102.6146,0.21225,2.93,8.690996287,"Europe",53.9,3.8,3.365
"Belarus","BLR","X2016",1.733,"X2016 BLR",49.6784888,99.74855,0.20825,NA,8.521708312,"Europe",53.9,NA,NA
"Belarus","BLR","X2017",1.541,"X2017 BLR",49.47203433,98.34385,0.18775,NA,8.658996027,"Europe",53.9,NA,NA
"Belarus","BLR","X2018",1.448,"X2018 BLR",49.03078635,95.09214,0.18775,NA,8.753067402,"Europe",53.9,NA,NA
"Georgia","GEO","X1991",2.132,"X1991 GEO",47.62838988,34.19308,NA,NA,7.181341472,"Europe",41.725,NA,NA
"Georgia","GEO","X1992",2.076,"X1992 GEO",47.98557347,NA,NA,NA,6.629658518,"Europe",41.725,NA,NA
"Georgia","GEO","X1993",2.013,"X1993 GEO",48.39496626,NA,NA,NA,6.309946537,"Europe",41.725,NA,NA
"Georgia","GEO","X1994",1.946,"X1994 GEO",48.83343743,NA,NA,NA,6.253475263,"Europe",41.725,NA,NA
"Georgia","GEO","X1995",1.879,"X1995 GEO",48.62691368,49.4783,NA,NA,6.360156334,"Europe",41.725,NA,NA
"Georgia","GEO","X1996",1.812,"X1996 GEO",48.14512989,42.83508,NA,NA,6.535291217,"Europe",41.725,NA,NA
"Georgia","GEO","X1997",1.749,"X1997 GEO",47.72556147,44.68343,NA,NA,6.693363675,"Europe",41.725,NA,NA
"Georgia","GEO","X1998",1.692,"X1998 GEO",47.57001713,NA,NA,NA,6.74701799,"Europe",41.725,NA,NA
"Georgia","GEO","X1999",1.643,"X1999 GEO",47.44174947,38.35488,NA,NA,6.512544257,"Europe",41.725,NA,NA
"Georgia","GEO","X2000",1.608,"X2000 GEO",46.48350222,39.31262,NA,NA,6.619951231,"Europe",41.725,NA,NA
"Georgia","GEO","X2001",1.589,"X2001 GEO",47.17750956,41.09087,NA,NA,6.687096655,"Europe",41.725,NA,NA
"Georgia","GEO","X2002",1.586,"X2002 GEO",46.68037292,44.86676,NA,26.6,6.74936482,"Europe",41.725,3.27,14.935
"Georgia","GEO","X2003",1.599,"X2003 GEO",46.91971855,46.06329,NA,26.6,6.917713511,"Europe",41.725,3.27,14.935
"Georgia","GEO","X2004",1.625,"X2004 GEO",46.98692714,47.69902,NA,26.6,7.173994707,"Europe",41.725,3.27,14.935
"Georgia","GEO","X2005",1.664,"X2005 GEO",46.70027912,53.48972,NA,26.6,7.404133604,"Europe",41.725,3.27,14.935
"Georgia","GEO","X2006",1.711,"X2006 GEO",46.24074723,46.41774,0.46375,26.6,7.598929078,"Europe",41.725,3.27,14.935
"Georgia","GEO","X2007",1.763,"X2007 GEO",45.83989054,45.08074,0.510625,26.6,7.876772753,"Europe",41.725,3.27,14.935
"Georgia","GEO","X2008",1.816,"X2008 GEO",45.48464692,43.52621,0.51225,26.6,8.109145515,"Europe",41.725,3.27,14.935
"Georgia","GEO","X2009",1.866,"X2009 GEO",45.16133158,32.70392,0.51225,NA,7.945437614,"Europe",41.725,NA,NA
"Georgia","GEO","X2010",1.911,"X2010 GEO",45.50915351,37.04547,0.51075,NA,8.081257312,"Europe",41.725,NA,NA
"Georgia","GEO","X2011",1.95,"X2011 GEO",45.45534873,38.80938,0.51825,NA,8.299470746,"Europe",41.725,NA,NA
"Georgia","GEO","X2012",1.984,"X2012 GEO",45.19604781,36.97004,0.55775,NA,8.394306257,"Europe",41.725,NA,NA
"Georgia","GEO","X2013",2.012,"X2013 GEO",44.73843361,43.43482,0.57875,NA,8.438960419,"Europe",41.725,NA,NA
"Georgia","GEO","X2014",2.034,"X2014 GEO",45.03260295,47.71163,0.57225,NA,8.463621163,"Europe",41.725,NA,NA
"Georgia","GEO","X2015",2.05,"X2015 GEO",45.49480088,51.64758,0.57525,NA,8.297589852,"Europe",41.725,NA,NA
"Georgia","GEO","X2016",2.059,"X2016 GEO",44.82548535,55.79343,0.57775,NA,8.309472565,"Europe",41.725,NA,NA
"Georgia","GEO","X2017",2.062,"X2017 GEO",44.85329859,60.68054,0.57775,NA,8.379539241,"Europe",41.725,NA,NA
"Georgia","GEO","X2018",2.06,"X2018 GEO",44.89551127,63.73786,0.55625,NA,8.460154536,"Europe",41.725,NA,NA
"Moldova","MDA","X1991",2.309,"X1991 MDA",50.75783161,NA,NA,NA,NA,"Europe",47.005,NA,NA
"Moldova","MDA","X1992",2.199,"X1992 MDA",50.93655818,NA,NA,NA,NA,"Europe",47.005,NA,NA
"Moldova","MDA","X1993",2.093,"X1993 MDA",50.93474127,NA,NA,NA,NA,"Europe",47.005,NA,NA
"Moldova","MDA","X1994",1.994,"X1994 MDA",51.86733983,NA,NA,NA,NA,"Europe",47.005,NA,NA
"Moldova","MDA","X1995",1.901,"X1995 MDA",51.86335068,32.32667,NA,NA,6.386485535,"Europe",47.005,NA,NA
"Moldova","MDA","X1996",1.811,"X1996 MDA",52.03098614,28.83899,0.73125,NA,6.354925671,"Europe",47.005,NA,NA
"Moldova","MDA","X1997",1.719,"X1997 MDA",51.92316644,30.01909,NA,NA,6.488431365,"Europe",47.005,NA,NA
"Moldova","MDA","X1998",1.623,"X1998 MDA",52.13325085,NA,0.73125,NA,6.361146621,"Europe",47.005,NA,NA
"Moldova","MDA","X1999",1.527,"X1999 MDA",52.22689623,36.87672,NA,NA,5.990516023,"Europe",47.005,NA,NA
"Moldova","MDA","X2000",1.435,"X2000 MDA",52.10377453,37.13408,0.66875,NA,6.088300904,"Europe",47.005,NA,NA
"Moldova","MDA","X2001",1.354,"X2001 MDA",51.83027276,35.80864,NA,NA,6.229610317,"Europe",47.005,NA,NA
"Moldova","MDA","X2002",1.29,"X2002 MDA",51.52086735,36.92306,0.54375,6.34,6.347341302,"Europe",47.005,5.27,5.805
"Moldova","MDA","X2003",1.247,"X2003 MDA",51.2615504,37.96748,0.54375,6.08,6.525799902,"Europe",47.005,5.09,5.585
"Moldova","MDA","X2004",1.224,"X2004 MDA",50.97937714,39.55115,0.54375,5.83,6.799557363,"Europe",47.005,4.91,5.37
"Moldova","MDA","X2005",1.219,"X2005 MDA",50.52741727,42.90459,0.54375,5.57,6.94187363,"Europe",47.005,4.73,5.15
"Moldova","MDA","X2006",1.227,"X2006 MDA",50.04855786,45.85366,0.54375,5.31,7.076129363,"Europe",47.005,4.55,4.93
"Moldova","MDA","X2007",1.241,"X2007 MDA",49.52707525,48.01577,0.54375,5.06,7.334124026,"Europe",47.005,4.37,4.715
"Moldova","MDA","X2008",1.256,"X2008 MDA",48.97751837,47.42404,0.54375,4.8,7.655012493,"Europe",47.005,4.19,4.495
"Moldova","MDA","X2009",1.268,"X2009 MDA",48.4148394,44.66556,0.5125,4.54,7.549088038,"Europe",47.005,4,4.27
"Moldova","MDA","X2010",1.275,"X2010 MDA",48.58656978,43.73392,0.504,4.28,7.798740501,"Europe",47.005,3.82,4.05
"Moldova","MDA","X2011",1.276,"X2011 MDA",48.61449848,45.41286,0.53525,4.03,7.986931896,"Europe",47.005,3.64,3.835
"Moldova","MDA","X2012",1.273,"X2012 MDA",48.99574131,45.70634,0.53475,3.77,8.021499131,"Europe",47.005,3.46,3.615
"Moldova","MDA","X2013",1.27,"X2013 MDA",48.79097766,46.63651,0.53475,3.51,8.10833386,"Europe",47.005,3.28,3.395
"Moldova","MDA","X2014",1.265,"X2014 MDA",48.71297079,47.27736,0.53475,3.26,8.110367593,"Europe",47.005,3.1,3.18
"Moldova","MDA","X2015",1.261,"X2015 MDA",49.21404153,47.36551,0.53625,3,7.912956525,"Europe",47.005,2.92,2.96
"Moldova","MDA","X2016",1.259,"X2016 MDA",49.18095453,47.21759,0.51925,NA,7.96569809,"Europe",47.005,NA,NA
"Moldova","MDA","X2017",1.259,"X2017 MDA",48.86730535,46.66393,0.51575,NA,8.163283976,"Europe",47.005,NA,NA
"Moldova","MDA","X2018",1.262,"X2018 MDA",49.70634351,45.71871,0.44875,NA,8.350902347,"Europe",47.005,NA,NA
"North Macedonia","MKD","X1991",2.171,"X1991 MKD",38.96033214,16.14019,NA,NA,7.815080147,"Europe",42,NA,NA
"North Macedonia","MKD","X1992",2.131,"X1992 MKD",38.99649366,16.61101,NA,NA,7.111000688,"Europe",42,NA,NA
"North Macedonia","MKD","X1993",2.085,"X1993 MKD",39.04674588,17.1098,NA,NA,7.209359285,"Europe",42,NA,NA
"North Macedonia","MKD","X1994",2.033,"X1994 MKD",39.03600053,18.59524,NA,NA,7.492598671,"Europe",42,NA,NA
"North Macedonia","MKD","X1995",1.977,"X1995 MKD",39.01277998,20.5794,NA,NA,7.766332292,"Europe",42,NA,NA
"North Macedonia","MKD","X1996",1.919,"X1996 MKD",39.00519653,21.24969,0.504,NA,7.757080359,"Europe",42,NA,NA
"North Macedonia","MKD","X1997",1.864,"X1997 MKD",38.79317188,21.98781,NA,NA,7.583187926,"Europe",42,NA,NA
"North Macedonia","MKD","X1998",1.812,"X1998 MKD",38.58390734,22.70178,0.504,NA,7.532007846,"Europe",42,NA,NA
"North Macedonia","MKD","X1999",1.765,"X1999 MKD",38.37694451,24.77952,NA,NA,7.554121391,"Europe",42,NA,NA
"North Macedonia","MKD","X2000",1.723,"X2000 MKD",38.65009263,25.65608,0.4415,NA,7.525179468,"Europe",42,NA,NA
"North Macedonia","MKD","X2001",1.683,"X2001 MKD",38.94387064,27.99686,NA,NA,7.504347555,"Europe",42,NA,NA
"North Macedonia","MKD","X2002",1.644,"X2002 MKD",39.250411,30.45602,0.4415,40.6,7.581313715,"Europe",42,1,20.8
"North Macedonia","MKD","X2003",1.605,"X2003 MKD",39.75593678,31.35947,0.4415,38.8,7.786884023,"Europe",42,1.05,19.925
"North Macedonia","MKD","X2004",1.566,"X2004 MKD",39.49444686,32.40602,0.504,37,7.923913195,"Europe",42,1.11,19.055
"North Macedonia","MKD","X2005",1.531,"X2005 MKD",39.24357482,34.05573,0.5665,35.2,8.018873413,"Europe",42,1.17,18.185
"North Macedonia","MKD","X2006",1.501,"X2006 MKD",39.03142513,33.39221,0.5665,33.4,8.109416156,"Europe",42,1.23,17.315
"North Macedonia","MKD","X2007",1.48,"X2007 MKD",39.63338404,38.76928,0.5665,31.6,8.303059621,"Europe",42,1.29,16.445
"North Macedonia","MKD","X2008",1.468,"X2008 MKD",38.95134894,42.81627,0.5605,29.8,8.475004361,"Europe",42,1.35,15.575
"North Macedonia","MKD","X2009",1.464,"X2009 MKD",38.57552984,42.65954,0.5605,28.1,8.421564905,"Europe",42,1.4,14.75
"North Macedonia","MKD","X2010",1.468,"X2010 MKD",38.70874615,40.3952,0.558,26.3,8.421320791,"Europe",42,1.46,13.88
"North Macedonia","MKD","X2011",1.477,"X2011 MKD",39.40721943,NA,0.558,24.5,8.529869899,"Europe",42,1.52,13.01
"North Macedonia","MKD","X2012",1.488,"X2012 MKD",39.25462451,42.56701,0.558,22.7,8.45492224,"Europe",42,1.58,12.14
"North Macedonia","MKD","X2013",1.497,"X2013 MKD",40.03596016,42.24759,0.558,20.9,8.558464844,"Europe",42,1.64,11.27
"North Macedonia","MKD","X2014",1.504,"X2014 MKD",39.52561052,42.83583,0.5625,19.1,8.606756136,"Europe",42,1.7,10.4
"North Macedonia","MKD","X2015",1.507,"X2015 MKD",39.43064872,45.85842,0.551,NA,8.484726428,"Europe",42,NA,NA
"North Macedonia","MKD","X2016",1.506,"X2016 MKD",38.73660107,NA,0.48025,NA,8.542696979,"Europe",42,NA,NA
"North Macedonia","MKD","X2017",1.501,"X2017 MKD",38.9434951,48.55228,0.49725,NA,8.599855396,"Europe",42,NA,NA
"North Macedonia","MKD","X2018",1.496,"X2018 MKD",39.19023945,NA,0.51225,NA,8.709950539,"Europe",42,NA,NA
"Monte Negro","MNE","X1991",2.063,"X1991 MNE",43.35500149,NA,NA,NA,NA,"Europe",42.466,NA,NA
"Monte Negro","MNE","X1992",2.046,"X1992 MNE",43.29796359,NA,NA,NA,NA,"Europe",42.466,NA,NA
"Monte Negro","MNE","X1993",2.025,"X1993 MNE",43.29716971,NA,NA,NA,NA,"Europe",42.466,NA,NA
"Monte Negro","MNE","X1994",2.002,"X1994 MNE",43.31603135,NA,NA,NA,NA,"Europe",42.466,NA,NA
"Monte Negro","MNE","X1995",1.977,"X1995 MNE",43.36586959,NA,NA,NA,NA,"Europe",42.466,NA,NA
"Monte Negro","MNE","X1996",1.951,"X1996 MNE",43.45422446,NA,NA,NA,NA,"Europe",42.466,NA,NA
"Monte Negro","MNE","X1997",1.927,"X1997 MNE",43.52003578,NA,NA,NA,NA,"Europe",42.466,NA,NA
"Monte Negro","MNE","X1998",1.906,"X1998 MNE",43.62663818,NA,NA,NA,NA,"Europe",42.466,NA,NA
"Monte Negro","MNE","X1999",1.888,"X1999 MNE",43.61139896,NA,NA,NA,NA,"Europe",42.466,NA,NA
"Monte Negro","MNE","X2000",1.875,"X2000 MNE",43.7012451,NA,NA,NA,7.394537749,"Europe",42.466,NA,NA
"Monte Negro","MNE","X2001",1.865,"X2001 MNE",43.78068105,20.55035,NA,NA,7.554648395,"Europe",42.466,NA,NA
"Monte Negro","MNE","X2002",1.858,"X2002 MNE",43.86760702,19.42036,NA,18,7.652847199,"Europe",42.466,1.39,9.695
"Monte Negro","MNE","X2003",1.852,"X2003 MNE",43.95126197,20.63104,NA,17.7,7.933495419,"Europe",42.466,1.35,9.525
"Monte Negro","MNE","X2004",1.847,"X2004 MNE",44.03887772,24.70164,NA,17.4,8.12567984,"Europe",42.466,1.31,9.355
"Monte Negro","MNE","X2005",1.84,"X2005 MNE",44.09673674,27.24695,NA,17.1,8.20920444,"Europe",42.466,1.27,9.185
"Monte Negro","MNE","X2006",1.83,"X2006 MNE",44.17656145,31.74316,0.657,16.8,8.395178963,"Europe",42.466,1.23,9.015
"Monte Negro","MNE","X2007",1.817,"X2007 MNE",44.20805265,39.04086,0.657,16.5,8.695572679,"Europe",42.466,1.19,8.845
"Monte Negro","MNE","X2008",1.8,"X2008 MNE",44.23367481,45.85667,0.643,16.2,8.904867906,"Europe",42.466,1.15,8.675
"Monte Negro","MNE","X2009",1.78,"X2009 MNE",43.97035846,55.85345,0.643,15.9,8.813900578,"Europe",42.466,1.11,8.505
"Monte Negro","MNE","X2010",1.76,"X2010 MNE",43.91094421,58.33446,0.5635,15.6,8.807214699,"Europe",42.466,1.06,8.33
"Monte Negro","MNE","X2011",1.741,"X2011 MNE",43.90236874,NA,0.5575,15.3,8.898194102,"Europe",42.466,1.02,8.16
"Monte Negro","MNE","X2012",1.728,"X2012 MNE",44.57877597,NA,0.5525,15,8.792810974,"Europe",42.466,0.98,7.99
"Monte Negro","MNE","X2013",1.72,"X2013 MNE",44.40035572,NA,0.547,14.7,8.880348155,"Europe",42.466,0.94,7.82
"Monte Negro","MNE","X2014",1.719,"X2014 MNE",44.66367645,NA,0.547,14.4,8.907632346,"Europe",42.466,0.9,7.65
"Monte Negro","MNE","X2015",1.723,"X2015 MNE",45.14954467,NA,0.5505,14.1,8.782194553,"Europe",42.466,0.86,7.48
"Monte Negro","MNE","X2016",1.73,"X2016 MNE",44.47925315,63.88608,0.536,13.8,8.858454641,"Europe",42.466,0.82,7.31
"Monte Negro","MNE","X2017",1.738,"X2017 MNE",44.1490675,66.11125,0.5345,NA,8.962316242,"Europe",42.466,NA,NA
"Monte Negro","MNE","X2018",1.745,"X2018 MNE",43.61986311,64.91357,0.537,NA,9.088183216,"Europe",42.466,NA,NA
"Serbia","SRB","X1991",1.8,"X1991 SRB",42.91025281,NA,NA,NA,NA,"Europe",44.8186,NA,NA
"Serbia","SRB","X1992",NA,"X1992 SRB",42.98527167,NA,NA,NA,NA,"Europe",44.8186,NA,NA
"Serbia","SRB","X1993",NA,"X1993 SRB",42.99486274,NA,NA,NA,NA,"Europe",44.8186,NA,NA
"Serbia","SRB","X1994",NA,"X1994 SRB",42.99252024,NA,NA,NA,NA,"Europe",44.8186,NA,NA
"Serbia","SRB","X1995",1.7,"X1995 SRB",42.96258771,NA,NA,NA,7.699595231,"Europe",44.8186,NA,NA
"Serbia","SRB","X1996",NA,"X1996 SRB",42.97518953,NA,0.54975,NA,7.960004965,"Europe",44.8186,NA,NA
"Serbia","SRB","X1997",1.6,"X1997 SRB",42.9768088,NA,NA,NA,8.125643901,"Europe",44.8186,NA,NA
"Serbia","SRB","X1998",NA,"X1998 SRB",42.99634078,NA,0.54975,NA,7.852117381,"Europe",44.8186,NA,NA
"Serbia","SRB","X1999",NA,"X1999 SRB",43.0483912,NA,NA,NA,7.8521689,"Europe",44.8186,NA,NA
"Serbia","SRB","X2000",1.48,"X2000 SRB",42.98991091,NA,0.61225,NA,6.818689622,"Europe",44.8186,NA,NA
"Serbia","SRB","X2001",1.58,"X2001 SRB",42.97199007,41.43833,NA,NA,7.454303888,"Europe",44.8186,NA,NA
"Serbia","SRB","X2002",1.57,"X2002 SRB",42.94379223,39.58496,0.54975,19.4,7.733616443,"Europe",44.8186,2.64,11.02
"Serbia","SRB","X2003",1.59,"X2003 SRB",42.9076083,44.9803,0.54975,19.4,8.008174718,"Europe",44.8186,2.82,11.11
"Serbia","SRB","X2004",1.57,"X2004 SRB",42.90838685,46.65079,0.54975,19.5,8.161318828,"Europe",44.8186,2.99,11.245
"Serbia","SRB","X2005",1.45,"X2005 SRB",42.90712326,50.06153,0.54975,19.6,8.221607744,"Europe",44.8186,3.17,11.385
"Serbia","SRB","X2006",1.43,"X2006 SRB",42.97231037,52.84576,0.54975,19.6,8.385401377,"Europe",44.8186,3.35,11.475
"Serbia","SRB","X2007",1.38,"X2007 SRB",43.63032002,54.18538,0.54975,19.7,8.673936463,"Europe",44.8186,3.52,11.61
"Serbia","SRB","X2008",1.4,"X2008 SRB",43.6505608,55.13676,0.54325,19.7,8.867996551,"Europe",44.8186,3.7,11.7
"Serbia","SRB","X2009",1.44,"X2009 SRB",43.82630531,56.38332,0.5745,19.8,8.72731054,"Europe",44.8186,3.87,11.835
"Serbia","SRB","X2010",1.4,"X2010 SRB",43.5105782,55.62779,0.5665,19.8,8.65441676,"Europe",44.8186,4.05,11.925
"Serbia","SRB","X2011",1.4,"X2011 SRB",43.29456144,58.84335,0.5665,19.2,8.826024015,"Europe",44.8186,3.86,11.53
"Serbia","SRB","X2012",1.45,"X2012 SRB",43.32395128,61.16691,0.5665,18.5,8.702168761,"Europe",44.8186,3.67,11.085
"Serbia","SRB","X2013",1.43,"X2013 SRB",43.53820439,64.54011,0.61475,17.8,8.818049133,"Europe",44.8186,3.48,10.64
"Serbia","SRB","X2014",1.46,"X2014 SRB",43.76359859,66.01105,0.61675,17.2,8.794833511,"Europe",44.8186,3.29,10.245
"Serbia","SRB","X2015",1.46,"X2015 SRB",43.73742619,66.87789,0.61675,16.5,8.627860805,"Europe",44.8186,3.1,9.8
"Serbia","SRB","X2016",1.46,"X2016 SRB",44.22913695,70.86127,0.60975,15.9,8.658064291,"Europe",44.8186,2.91,9.405
"Serbia","SRB","X2017",1.49,"X2017 SRB",44.51218698,76.85531,0.5705,15.2,8.745792681,"Europe",44.8186,2.72,8.96
"Serbia","SRB","X2018",1.49,"X2018 SRB",44.46115284,78.25281,0.5705,NA,8.888231367,"Europe",44.8186,NA,NA
"Ukraine","UKR","X1991",1.773,"X1991 UKR",49.34670249,NA,NA,NA,7.306322501,"Europe",50.4334,NA,NA
"Ukraine","UKR","X1992",1.674,"X1992 UKR",49.2394931,NA,NA,NA,7.256907612,"Europe",50.4334,NA,NA
"Ukraine","UKR","X1993",1.563,"X1993 UKR",49.14199619,NA,NA,NA,7.137386996,"Europe",50.4334,NA,NA
"Ukraine","UKR","X1994",1.47,"X1994 UKR",49.15596171,45.92748,NA,NA,6.919780875,"Europe",50.4334,NA,NA
"Ukraine","UKR","X1995",1.397,"X1995 UKR",49.23745106,NA,NA,NA,6.84157166,"Europe",50.4334,NA,NA
"Ukraine","UKR","X1996",1.332,"X1996 UKR",49.06113528,NA,0.44075,NA,6.771590413,"Europe",50.4334,NA,NA
"Ukraine","UKR","X1997",1.27,"X1997 UKR",48.89730997,NA,NA,NA,6.898936914,"Europe",50.4334,NA,NA
"Ukraine","UKR","X1998",1.207,"X1998 UKR",48.71220366,47.66189,0.44075,NA,6.727732224,"Europe",50.4334,NA,NA
"Ukraine","UKR","X1999",1.121,"X1999 UKR",48.45532149,50.14383,NA,NA,6.454817866,"Europe",50.4334,NA,NA
"Ukraine","UKR","X2000",1.11,"X2000 UKR",48.51568126,51.84286,0.37825,NA,6.454727596,"Europe",50.4334,NA,NA
"Ukraine","UKR","X2001",1.085,"X2001 UKR",48.69293196,56.00849,NA,NA,6.659705603,"Europe",50.4334,NA,NA
"Ukraine","UKR","X2002",1.126,"X2002 UKR",48.7947773,61.51982,0.50325,6.33,6.778351071,"Europe",50.4334,12.4,9.365
"Ukraine","UKR","X2003",1.172,"X2003 UKR",48.82564992,66.88754,0.50325,6.17,6.954164315,"Europe",50.4334,11.1,8.635
"Ukraine","UKR","X2004",1.218,"X2004 UKR",48.63503347,72.55494,0.50325,6.01,7.219654102,"Europe",50.4334,9.74,7.875
"Ukraine","UKR","X2005",1.213,"X2005 UKR",47.98730322,77.93428,0.50325,5.85,7.510393003,"Europe",50.4334,8.41,7.13
"Ukraine","UKR","X2006",1.31,"X2006 UKR",48.0409296,83.74727,0.50325,5.69,7.740999002,"Europe",50.4334,7.08,6.385
"Ukraine","UKR","X2007",1.345,"X2007 UKR",48.09375254,87.8205,0.50325,5.53,8.028002272,"Europe",50.4334,5.75,5.64
"Ukraine","UKR","X2008",1.458,"X2008 UKR",48.14505321,90.63585,0.50325,5.62,8.265455274,"Europe",50.4334,5.89,5.755
"Ukraine","UKR","X2009",1.473,"X2009 UKR",48.19488377,92.03856,0.5345,5.7,7.841097966,"Europe",50.4334,6.03,5.865
"Ukraine","UKR","X2010",1.443,"X2010 UKR",48.13918628,89.5358,0.5025,5.79,7.994679432,"Europe",50.4334,6.17,5.98
"Ukraine","UKR","X2011",1.459,"X2011 UKR",47.77654934,89.28795,0.5955,5.87,8.180253119,"Europe",50.4334,6.31,6.09
"Ukraine","UKR","X2012",1.531,"X2012 UKR",47.26864201,87.59632,0.483,5.96,8.25723464,"Europe",50.4334,6.45,6.205
"Ukraine","UKR","X2013",1.506,"X2013 UKR",47.57915702,87.38717,0.4795,6.05,8.301450003,"Europe",50.4334,6.59,6.32
"Ukraine","UKR","X2014",1.498,"X2014 UKR",47.29229768,88.81466,0.4585,6.13,8.040654078,"Europe",50.4334,6.73,6.43
"Ukraine","UKR","X2015",1.506,"X2015 UKR",47.33313507,NA,0.4725,6.22,7.66136816,"Europe",50.4334,6.87,6.545
"Ukraine","UKR","X2016",1.466,"X2016 UKR",47.24341298,NA,0.4725,NA,7.690619989,"Europe",50.4334,NA,NA
"Ukraine","UKR","X2017",1.374,"X2017 UKR",47.2075341,NA,0.472,NA,7.878790102,"Europe",50.4334,NA,NA
"Ukraine","UKR","X2018",1.301,"X2018 UKR",47.20808801,NA,0.472,NA,8.038130219,"Europe",50.4334,NA,NA
"Kosovo","XKX","X1991",3.58,"X1991 XKX",NA,NA,NA,NA,NA,"Europe",42.6666,NA,NA
"Kosovo","XKX","X1992",2.96,"X1992 XKX",NA,NA,NA,NA,NA,"Europe",42.6666,NA,NA
"Kosovo","XKX","X1993",2.84,"X1993 XKX",NA,NA,NA,NA,NA,"Europe",42.6666,NA,NA
"Kosovo","XKX","X1994",2.71,"X1994 XKX",NA,NA,NA,NA,NA,"Europe",42.6666,NA,NA
"Kosovo","XKX","X1995",2.7,"X1995 XKX",NA,NA,NA,NA,NA,"Europe",42.6666,NA,NA
"Kosovo","XKX","X1996",2.7,"X1996 XKX",NA,NA,NA,NA,NA,"Europe",42.6666,NA,NA
"Kosovo","XKX","X1997",2.46,"X1997 XKX",NA,NA,NA,NA,NA,"Europe",42.6666,NA,NA
"Kosovo","XKX","X1998",2.57,"X1998 XKX",NA,NA,NA,NA,NA,"Europe",42.6666,NA,NA
"Kosovo","XKX","X1999",2.88,"X1999 XKX",NA,NA,NA,NA,NA,"Europe",42.6666,NA,NA
"Kosovo","XKX","X2000",2.95,"X2000 XKX",NA,NA,NA,NA,6.991878022,"Europe",42.6666,NA,NA
"Kosovo","XKX","X2001",2.8,"X2001 XKX",NA,NA,NA,NA,7.306773674,"Europe",42.6666,NA,NA
"Kosovo","XKX","X2002",2.66,"X2002 XKX",NA,NA,NA,NA,7.253847231,"Europe",42.6666,NA,NA
"Kosovo","XKX","X2003",2.34,"X2003 XKX",NA,NA,NA,NA,7.401295206,"Europe",42.6666,NA,NA
"Kosovo","XKX","X2004",2.53,"X2004 XKX",NA,NA,NA,NA,7.643261189,"Europe",42.6666,NA,NA
"Kosovo","XKX","X2005",2.65,"X2005 XKX",NA,NA,NA,NA,7.672043016,"Europe",42.6666,NA,NA
"Kosovo","XKX","X2006",2.43,"X2006 XKX",NA,NA,NA,NA,7.712947553,"Europe",42.6666,NA,NA
"Kosovo","XKX","X2007",2.43,"X2007 XKX",NA,NA,NA,NA,7.895803248,"Europe",42.6666,NA,NA
"Kosovo","XKX","X2008",2.38,"X2008 XKX",NA,NA,NA,NA,8.087892336,"Europe",42.6666,NA,NA
"Kosovo","XKX","X2009",2.34,"X2009 XKX",NA,NA,NA,NA,8.073930918,"Europe",42.6666,NA,NA
"Kosovo","XKX","X2010",2.29,"X2010 XKX",NA,NA,NA,NA,8.097595926,"Europe",42.6666,NA,NA
"Kosovo","XKX","X2011",2.24,"X2011 XKX",NA,NA,NA,40,8.227342116,"Europe",42.6666,0.32,20.16
"Kosovo","XKX","X2012",2.19,"X2012 XKX",NA,NA,NA,40,8.187801134,"Europe",42.6666,0.32,20.16
"Kosovo","XKX","X2013",2.16,"X2013 XKX",NA,NA,NA,40,8.266489927,"Europe",42.6666,0.32,20.16
"Kosovo","XKX","X2014",2.13,"X2014 XKX",NA,NA,NA,40,8.313933322,"Europe",42.6666,0.32,20.16
"Kosovo","XKX","X2015",2.09,"X2015 XKX",NA,NA,NA,40,8.189529188,"Europe",42.6666,0.32,20.16
"Kosovo","XKX","X2016",2.06,"X2016 XKX",NA,NA,NA,40,8.237480265,"Europe",42.6666,0.32,20.16
"Kosovo","XKX","X2017",2.02,"X2017 XKX",NA,NA,NA,40,8.305388662,"Europe",42.6666,0.32,20.16
"Kosovo","XKX","X2018",2,"X2018 XKX",NA,NA,NA,NA,8.393875592,"Europe",42.6666,NA,NA
